"DESCRIPTION","DURATION IN MS","NAME","PARENT SUITE","START TIME","STATUS","STOP TIME","SUB SUITE","SUITE","TEST CLASS","TEST METHOD"
"","20","healthEndpointIsUp","Smoke Suite","2026-09-08","passed","2026-09-08","dev.sdetprep.dummytests.smoke.TaskSmokeTests","Smoke","dev.sdetprep.dummytests.smoke.TaskSmokeTests","healthEndpointIsUp"
"","1219","createThenDelete_taskNoLongerExists","Integration Suite","2026-09-08","passed","2026-09-08","dev.sdetprep.dummytests.integration.TaskIntegrationTests","Integration","dev.sdetprep.dummytests.integration.TaskIntegrationTests","createThenDelete_taskNoLongerExists"
"","55","createThenUpdate_persistsNewTitleAndDoneFlag","Integration Suite","2026-09-08","passed","2026-09-08","dev.sdetprep.dummytests.integration.TaskIntegrationTests","Integration","dev.sdetprep.dummytests.integration.TaskIntegrationTests","createThenUpdate_persistsNewTitleAndDoneFlag"
"","17","listTasks_returns200WithArray","Smoke Suite","2026-09-08","passed","2026-09-08","dev.sdetprep.dummytests.smoke.TaskSmokeTests","Smoke","dev.sdetprep.dummytests.smoke.TaskSmokeTests","listTasks_returns200WithArray"
"","57","createThenList_newTaskAppearsInFullList","Integration Suite","2026-09-08","passed","2026-09-08","dev.sdetprep.dummytests.integration.TaskIntegrationTests","Integration","dev.sdetprep.dummytests.integration.TaskIntegrationTests","createThenList_newTaskAppearsInFullList"
"","1870","fullTaskLifecycle_createUpdateListDelete","E2E Suite","2026-09-08","passed","2026-09-08","dev.sdetprep.dummytests.e2e.TaskLifecycleE2ETest","E2E","dev.sdetprep.dummytests.e2e.TaskLifecycleE2ETest","fullTaskLifecycle_createUpdateListDelete"
"","960","createTask_returns201WithGeneratedId","Smoke Suite","2026-09-08","passed","2026-09-08","dev.sdetprep.dummytests.smoke.TaskSmokeTests","Smoke","dev.sdetprep.dummytests.smoke.TaskSmokeTests","createTask_returns201WithGeneratedId"
"","40","getMissingTask_returns404","Smoke Suite","2026-09-08","passed","2026-09-08","dev.sdetprep.dummytests.smoke.TaskSmokeTests","Smoke","dev.sdetprep.dummytests.smoke.TaskSmokeTests","getMissingTask_returns404"
"","482","createThenGet_returnsTheSameTask","Integration Suite","2026-09-08","passed","2026-09-08","dev.sdetprep.dummytests.integration.TaskIntegrationTests","Integration","dev.sdetprep.dummytests.integration.TaskIntegrationTests","createThenGet_returnsTheSameTask"
